{
  "engine_version": "0.8.0",
  "partA": [
    {
      "pname": "pull W=7",
      "staleness": "off",
      "adversary": "blind",
      "metrics": {
        "verifiedValuePerBudgetYear": 0.3038442185309159,
        "verifiedValuePerPaid": 0.3223166477298736,
        "leakageRate": 0.005605431199021156,
        "meanFrozenRatio": 0.2661487109441417,
        "endFrozen": 0.053004747438112586,
        "meanFrozenSub": 0.8190671909475992,
        "meanFrozenWip": 4.29173304024754,
        "meanQueue": 1.2,
        "meanLatency": 7.508584309919932,
        "delivered": 72.85,
        "terminated": 0.85,
        "expired": 20.05,
        "expiredDemandRatio": 0.2651071714403224,
        "detections": 0.85,
        "unreleasedEnd": 0,
        "autoReleasedShare": 0,
        "humanLoadPerCycle": 4.759375,
        "vy1": 0.28536728450950954,
        "vy2": 0.30644412976228774,
        "vy3": 0.30973494542760427,
        "vy4": 0.31383051442426235,
        "ly1": 0.0032717558702544947,
        "ly2": 0.005805517506450754,
        "ly3": 0.0057516845717467905,
        "ly4": 0.0064043033857995105
      }
    },
    {
      "pname": "pull W=7",
      "staleness": "on",
      "adversary": "blind",
      "metrics": {
        "verifiedValuePerBudgetYear": 0.3038442185309159,
        "verifiedValuePerPaid": 0.3223166477298736,
        "leakageRate": 0.005605431199021156,
        "meanFrozenRatio": 0.2661487109441417,
        "endFrozen": 0.053004747438112586,
        "meanFrozenSub": 0.8190671909475992,
        "meanFrozenWip": 4.29173304024754,
        "meanQueue": 1.2,
        "meanLatency": 7.508584309919932,
        "delivered": 72.85,
        "terminated": 0.85,
        "expired": 20.05,
        "expiredDemandRatio": 0.2651071714403224,
        "detections": 0.85,
        "unreleasedEnd": 0,
        "autoReleasedShare": 0,
        "humanLoadPerCycle": 4.759375,
        "vy1": 0.28536728450950954,
        "vy2": 0.30644412976228774,
        "vy3": 0.30973494542760427,
        "vy4": 0.31383051442426235,
        "ly1": 0.0032717558702544947,
        "ly2": 0.005805517506450754,
        "ly3": 0.0057516845717467905,
        "ly4": 0.0064043033857995105
      }
    },
    {
      "pname": "pull W=7",
      "staleness": "on",
      "adversary": "timing-aware",
      "metrics": {
        "verifiedValuePerBudgetYear": 0.3038442185309159,
        "verifiedValuePerPaid": 0.3223166477298736,
        "leakageRate": 0.005605431199021156,
        "meanFrozenRatio": 0.2661487109441417,
        "endFrozen": 0.053004747438112586,
        "meanFrozenSub": 0.8190671909475992,
        "meanFrozenWip": 4.29173304024754,
        "meanQueue": 1.2,
        "meanLatency": 7.508584309919932,
        "delivered": 72.85,
        "terminated": 0.85,
        "expired": 20.05,
        "expiredDemandRatio": 0.2651071714403224,
        "detections": 0.85,
        "unreleasedEnd": 0,
        "autoReleasedShare": 0,
        "humanLoadPerCycle": 4.759375,
        "vy1": 0.28536728450950954,
        "vy2": 0.30644412976228774,
        "vy3": 0.30973494542760427,
        "vy4": 0.31383051442426235,
        "ly1": 0.0032717558702544947,
        "ly2": 0.005805517506450754,
        "ly3": 0.0057516845717467905,
        "ly4": 0.0064043033857995105
      }
    },
    {
      "pname": "day_zero",
      "staleness": "off",
      "adversary": "blind",
      "metrics": {
        "verifiedValuePerBudgetYear": 0.2860311012984077,
        "verifiedValuePerPaid": 0.2916350836075664,
        "leakageRate": 0.005138338083301598,
        "meanFrozenRatio": 0.237357914997323,
        "endFrozen": 0.016436413981903267,
        "meanFrozenSub": 0.2657896913409466,
        "meanFrozenWip": 5.228819647379714,
        "meanQueue": 5.616666666666666,
        "meanLatency": 8.515458335353165,
        "delivered": 77.05,
        "terminated": 1,
        "expired": 13.95,
        "expiredDemandRatio": 0.1800646503221651,
        "detections": 1,
        "unreleasedEnd": 0,
        "autoReleasedShare": 0,
        "humanLoadPerCycle": 4.898958333333333,
        "vy1": 0.2753514497058395,
        "vy2": 0.2816651434235157,
        "vy3": 0.29304126065308034,
        "vy4": 0.2940665514111952,
        "ly1": 0.0023733857468542768,
        "ly2": 0.008315758656273048,
        "ly3": 0.005806737264628335,
        "ly4": 0.0036498838778207055
      }
    },
    {
      "pname": "day_zero",
      "staleness": "on",
      "adversary": "blind",
      "metrics": {
        "verifiedValuePerBudgetYear": 0.2860311012984077,
        "verifiedValuePerPaid": 0.2916350836075664,
        "leakageRate": 0.005138338083301598,
        "meanFrozenRatio": 0.237357914997323,
        "endFrozen": 0.016436413981903267,
        "meanFrozenSub": 0.2657896913409466,
        "meanFrozenWip": 5.228819647379714,
        "meanQueue": 5.616666666666666,
        "meanLatency": 8.515458335353165,
        "delivered": 77.05,
        "terminated": 1,
        "expired": 13.95,
        "expiredDemandRatio": 0.1800646503221651,
        "detections": 1,
        "unreleasedEnd": 0,
        "autoReleasedShare": 0,
        "humanLoadPerCycle": 4.898958333333333,
        "vy1": 0.2753514497058395,
        "vy2": 0.2816651434235157,
        "vy3": 0.29304126065308034,
        "vy4": 0.2940665514111952,
        "ly1": 0.0023733857468542768,
        "ly2": 0.008315758656273048,
        "ly3": 0.005806737264628335,
        "ly4": 0.0036498838778207055
      }
    },
    {
      "pname": "day_zero",
      "staleness": "on",
      "adversary": "timing-aware",
      "metrics": {
        "verifiedValuePerBudgetYear": 0.2860311012984077,
        "verifiedValuePerPaid": 0.2916350836075664,
        "leakageRate": 0.005138338083301598,
        "meanFrozenRatio": 0.237357914997323,
        "endFrozen": 0.016436413981903267,
        "meanFrozenSub": 0.2657896913409466,
        "meanFrozenWip": 5.228819647379714,
        "meanQueue": 5.616666666666666,
        "meanLatency": 8.515458335353165,
        "delivered": 77.05,
        "terminated": 1,
        "expired": 13.95,
        "expiredDemandRatio": 0.1800646503221651,
        "detections": 1,
        "unreleasedEnd": 0,
        "autoReleasedShare": 0,
        "humanLoadPerCycle": 4.898958333333333,
        "vy1": 0.2753514497058395,
        "vy2": 0.2816651434235157,
        "vy3": 0.29304126065308034,
        "vy4": 0.2940665514111952,
        "ly1": 0.0023733857468542768,
        "ly2": 0.008315758656273048,
        "ly3": 0.005806737264628335,
        "ly4": 0.0036498838778207055
      }
    }
  ],
  "partB": [
    {
      "sname": "intact",
      "vname": "pure human",
      "metrics": {
        "verifiedValuePerBudgetYear": 0.3038442185309159,
        "verifiedValuePerPaid": 0.3223166477298736,
        "leakageRate": 0.005605431199021156,
        "meanFrozenRatio": 0.2661487109441417,
        "endFrozen": 0.053004747438112586,
        "meanFrozenSub": 0.8190671909475992,
        "meanFrozenWip": 4.29173304024754,
        "meanQueue": 1.2,
        "meanLatency": 7.508584309919932,
        "delivered": 72.85,
        "terminated": 0.85,
        "expired": 20.05,
        "expiredDemandRatio": 0.2651071714403224,
        "detections": 0.85,
        "unreleasedEnd": 0,
        "autoReleasedShare": 0,
        "humanLoadPerCycle": 4.759375,
        "vy1": 0.28536728450950954,
        "vy2": 0.30644412976228774,
        "vy3": 0.30973494542760427,
        "vy4": 0.31383051442426235,
        "ly1": 0.0032717558702544947,
        "ly2": 0.005805517506450754,
        "ly3": 0.0057516845717467905,
        "ly4": 0.0064043033857995105
      }
    },
    {
      "sname": "intact",
      "vname": "AI fp=0.05",
      "metrics": {
        "verifiedValuePerBudgetYear": 0.30568537187416495,
        "verifiedValuePerPaid": 0.3204567345473436,
        "leakageRate": 0.003994779495437026,
        "meanFrozenRatio": 0.25527194908270295,
        "endFrozen": 0.04376810625737417,
        "meanFrozenSub": 0.8323876583134444,