{
  "engine_version": "0.8.0",
  "drift": {
    "startCycle": 24,
    "rate": 0.03
  },
  "ai": {
    "pi": 0.7,
    "falsePass": 0.05,
    "falseFlag": 0.1,
    "dossierBoost": 1.25
  },
  "rows": [
    {
      "s": 0.02,
      "latency": 48,
      "latencySd": 0,
      "V": 0.30863858560279933,
      "leak": 0.003915311417024287
    },
    {
      "s": 0.05,
      "latency": 48,
      "latencySd": 0,
      "V": 0.3086558137447609,
      "leak": 0.0039264121078547275
    },
    {
      "s": 0.15,
      "latency": 43.55,
      "latencySd": 11.586522342791218,
      "V": 0.308774698872589,
      "leak": 0.0037113612157971044
    }
  ],
  "noDrift": {
    "V": 0.3111161144905191,
    "leak": 0.0034477136548261788
  }
}
